,Player,Team,POS,RUSH_ATT,RUSH_YD,RUSH_TD,REC,REC_YD,REC_TD,FL,PASS_ATT,CMP,PASS_YD,PASS_TD,INTS
1,Jonathan Taylor,IND,RB,325.4,"1,600.3",14.8,42.5,354.3,2.0,2.3,0.0,0.0,0,0.0,0.0
2,Derrick Henry,TEN,RB,366.2,"1,640.2",13.0,27.4,216.0,0.9,2.0,0.0,0.0,0,0.0,0.0
3,Austin Ekeler,LAC,RB,221.1,984.0,9.4,74.5,665.0,5.3,1.5,0.0,0.0,0,0.0,0.0
4,Christian McCaffrey,CAR,RB,237.4,"1,057.4",7.6,88.9,757.9,4.1,1.4,0.0,0.0,0,0.0,0.0
5,Joe Mixon,CIN,RB,287.4,"1,204.2",9.8,47.1,341.9,2.6,1.6,0.0,0.0,0,0.0,0.0
6,Dalvin Cook,MIN,RB,276.2,"1,241.8",9.8,44.9,334.1,1.5,2.5,0.0,0.0,0,0.0,0.0
7,Alvin Kamara,NO,RB,219.5,964.2,8.0,60.0,529.2,4.1,1.2,0.0,0.0,0,0.0,0.0
8,Najee Harris,PIT,RB,298.3,"1,183.1",7.7,60.7,397.3,2.1,1.6,0.0,0.0,0,0.0,0.0
9,Leonard Fournette,TB,RB,230.6,961.0,9.1,61.1,417.0,2.1,1.3,0.0,0.0,0,0.0,0.0
10,James Conner,ARI,RB,226.4,927.1,10.3,44.1,358.5,2.3,1.6,0.0,0.0,0,0.0,0.0
11,Nick Chubb,CLE,RB,247.6,"1,230.0",8.4,25.3,206.2,1.0,1.6,0.0,0.0,0,0.0,0.0
12,Aaron Jones,GB,RB,193.7,913.2,6.1,60.2,493.0,3.8,1.5,0.0,0.0,0,0.0,0.0
13,Javonte Williams,DEN,RB,232.4,"1,025.2",7.8,45.9,345.8,2.7,1.7,0.0,0.0,0,0.0,0.0
14,Saquon Barkley,NYG,RB,244.9,"1,027.2",6.6,57.4,424.0,2.2,1.5,0.0,0.0,0,0.0,0.0
15,D'Andre Swift,DET,RB,216.1,900.8,6.5,64.7,477.4,2.4,1.8,0.0,0.0,0,0.0,0.0
16,David Montgomery,CHI,RB,234.9,948.5,7.6,44.4,345.3,1.9,1.4,0.0,0.0,0,0.0,0.0
17,Ezekiel Elliott,DAL,RB,229.9,962.6,7.9,40.0,273.8,1.8,2.1,0.0,0.0,0,0.0,0.0
18,J.K. Dobbins,BAL,RB,197.4,965.3,8.4,33.1,241.6,1.4,1.0,0.0,0.0,0,0.0,0.0
19,Cam Akers,LAR,RB,230.7,"1,007.4",7.0,34.5,277.3,1.6,3.3,0.0,0.0,0,0.0,0.0
20,Breece Hall,NYJ,RB,212.5,965.4,6.6,38.6,308.7,1.6,1.8,0.0,0.0,0,0.0,0.0
21,Elijah Mitchell,SF,RB,239.0,"1,027.5",7.3,25.8,196.7,1.3,1.2,0.0,0.0,0,0.0,0.0
22,Damien Harris,NE,RB,212.8,968.7,10.0,18.2,136.0,0.5,1.4,0.0,0.0,0,0.0,0.0
23,Josh Jacobs,LV,RB,219.8,930.4,8.0,38.0,265.1,0.9,1.9,0.0,0.0,0,0.0,0.0
24,Travis Etienne Jr.,JAC,RB,177.8,809.5,5.6,48.8,397.4,1.9,1.7,0.0,0.0,0,0.0,0.0
25,Miles Sanders,PHI,RB,201.9,"1,033.5",5.6,30.7,216.6,1.1,1.6,0.0,0.0,0,0.0,0.0
26,Clyde Edwards-Helaire,KC,RB,184.3,811.0,5.7,36.3,270.3,2.1,1.3,0.0,0.0,0,0.0,0.0
27,Rashaad Penny,SEA,RB,189.5,958.3,6.7,19.2,143.9,0.5,1.2,0.0,0.0,0,0.0,0.0
28,Devin Singletary,BUF,RB,183.6,847.7,6.0,33.1,222.3,1.3,1.3,0.0,0.0,0,0.0,0.0
29,AJ Dillon,GB,RB,179.7,767.5,6.1,33.2,276.5,1.5,1.2,0.0,0.0,0,0.0,0.0
30,Tony Pollard,DAL,RB,158.4,752.7,3.8,47.3,386.2,2.0,1.3,0.0,0.0,0,0.0,0.0
31,Cordarrelle Patterson,ATL,RB,138.2,604.6,4.5,43.4,397.4,2.8,0.9,0.0,0.0,0,0.0,0.0
32,Antonio Gibson,WAS,RB,190.5,786.5,6.0,31.1,229.3,1.3,1.8,0.0,0.0,0,0.0,0.0
33,Rhamondre Stevenson,NE,RB,172.0,722.7,6.4,30.9,239.5,1.1,1.0,0.0,0.0,0,0.0,0.0
34,Melvin Gordon III,DEN,RB,153.4,696.9,6.2,24.0,181.7,1.3,1.9,0.0,0.0,0,0.0,0.0
35,Chase Edmonds,MIA,RB,151.2,657.2,3.6,46.1,329.2,1.6,0.9,0.0,0.0,0,0.0,0.0
36,Kareem Hunt,CLE,RB,134.0,574.4,4.7,42.2,324.7,1.8,0.8,0.0,0.0,0,0.0,0.0
37,Dameon Pierce,HOU,RB,183.0,676.3,4.7,26.4,206.3,0.9,1.4,0.0,0.0,0,0.0,0.0
38,Brian Robinson Jr.,WAS,RB,154.0,659.2,5.1,19.7,148.1,0.6,1.2,0.0,0.0,0,0.0,0.0
39,James Robinson,JAC,RB,144.5,583.4,4.9,23.0,169.6,0.7,1.2,0.0,0.0,0,0.0,0.0
40,Michael Carter,NYJ,RB,134.4,553.2,3.2,32.0,268.4,1.1,0.8,0.0,0.0,0,0.0,0.0
41,Darrell Henderson Jr.,LAR,RB,131.6,539.2,4.1,23.7,184.7,1.4,0.7,0.0,0.0,0,0.0,0.0
42,Ken Walker III,SEA,RB,159.3,620.3,4.3,17.3,129.0,0.5,1.4,0.0,0.0,0,0.0,0.0
43,James Cook,BUF,RB,110.2,474.4,3.6,29.2,235.0,1.6,1.0,0.0,0.0,0,0.0,0.0
44,Jamaal Williams,DET,RB,137.7,552.6,3.4,22.8,149.2,0.8,0.8,0.0,0.0,0,0.0,0.0
45,Raheem Mostert,MIA,RB,114.2,565.2,3.8,15.0,120.1,0.8,1.3,0.0,0.0,0,0.0,0.0
46,Kenneth Gainwell,PHI,RB,91.9,382.3,4.0,30.8,246.1,1.3,1.1,0.0,0.0,0,0.0,0.0
47,Alexander Mattison,MIN,RB,115.5,464.9,2.9,25.4,189.3,1.0,0.9,0.0,0.0,0,0.0,0.0
48,Mark Ingram II,NO,RB,123.6,488.1,3.4,19.6,147.8,0.7,1.0,0.0,0.0,0,0.0,0.0
49,Marlon Mack,HOU,RB,108.7,519.4,3.4,13.4,100.2,0.4,0.9,0.0,0.0,0,0.0,0.0
50,Tyler Allgeier,ATL,RB,136.4,500.3,2.9,17.0,132.3,0.6,1.2,0.0,0.0,0,0.0,0.0
51,Nyheim Hines,IND,RB,69.7,276.4,1.8,44.1,345.8,1.8,1.6,0.0,0.0,0,0.0,0.0
52,Isaiah Spiller,LAC,RB,91.6,388.2,2.9,22.7,183.5,1.3,1.2,0.0,0.0,0,0.0,0.0
53,Rachaad White,TB,RB,93.6,374.3,3.4,21.2,168.3,1.1,1.0,0.0,0.0,0,0.0,0.0
54,Gus Edwards,BAL,RB,115.3,501.7,3.5,8.9,74.9,0.2,0.7,0.0,0.0,0,0.0,0.0
55,Rex Burkhead,HOU,RB,74.0,316.3,2.4,29.6,239.4,1.2,0.5,0.0,0.0,0,0.0,0.0
56,J.D. McKissic,WAS,RB,51.8,215.9,1.4,44.8,348.7,1.9,0.5,0.0,0.0,0,0.0,0.0
57,Zamir White,LV,RB,92.5,393.6,3.5,13.4,110.6,0.5,1.2,0.0,0.0,0,0.0,0.0
58,Khalil Herbert,CHI,RB,114.2,423.2,2.7,16.0,120.5,0.5,0.9,0.0,0.0,0,0.0,0.0
59,Darrel Williams,ARI,RB,76.2,294.4,2.7,20.5,172.1,0.8,0.8,0.0,0.0,0,0.0,0.0
60,D'Onta Foreman,CAR,RB,85.8,404.7,2.6,7.7,70.4,0.2,0.9,0.0,0.0,0,0.0,0.0
61,Jerick McKinnon,KC,RB,48.2,224.0,1.6,27.9,228.8,1.4,0.5,0.0,0.0,0,0.0,0.0
62,Damien Williams,ATL,RB,77.6,280.8,2.0,20.1,146.0,0.8,0.8,0.0,0.0,0,0.0,0.0
63,Sony Michel,MIA,RB,95.6,363.1,2.4,8.7,57.0,0.1,0.5,0.0,0.0,0,0.0,0.0
64,Isiah Pacheco,KC,RB,69.3,284.4,2.5,13.9,104.9,0.5,0.9,0.0,0.0,0,0.0,0.0
65,Boston Scott,PHI,RB,67.5,293.8,3.0,8.7,65.3,0.2,0.3,0.0,0.0,0,0.0,0.0
66,Dontrell Hilliard,TEN,RB,47.2,237.6,1.5,25.9,183.1,0.6,1.0,0.0,0.0,0,0.0,0.0
67,Matt Breida,NYG,RB,72.4,301.4,1.5,13.0,101.2,0.7,1.5,0.0,0.0,0,0.0,0.0
68,Ameer Abdullah,LV,RB,36.2,166.3,0.8,30.9,235.4,1.0,0.4,0.0,0.0,0,0.0,0.0
69,Ronald Jones II,KC,RB,56.4,282.8,2.5,9.2,61.5,0.2,0.6,0.0,0.0,0,0.0,0.0
70,Samaje Perine,CIN,RB,65.8,253.3,1.3,18.2,128.2,0.6,0.5,0.0,0.0,0,0.0,0.0
71,Hassan Haskins,TEN,RB,66.6,270.4,1.8,8.4,65.3,0.4,0.8,0.0,0.0,0,0.0,0.0
72,Tyrion Davis-Price,SF,RB,51.1,212.7,1.8,10.3,89.8,0.3,0.8,0.0,0.0,0,0.0,0.0
73,Chuba Hubbard,CAR,RB,52.5,205.1,1.5,13.1,90.8,0.5,0.5,0.0,0.0,0,0.0,0.0
74,Mike Davis,BAL,RB,41.8,221.5,1.6,11.9,78.9,0.2,0.7,0.0,0.0,0,0.0,0.0
75,Eno Benjamin,ARI,RB,47.7,205.6,1.5,8.1,67.7,0.2,0.2,0.0,0.0,0,0.0,0.0
76,Ke'Shawn Vaughn,TB,RB,47.1,198.6,1.9,6.8,46.7,0.1,0.6,0.0,0.0,0,0.0,0.0
77,D'Ernest Johnson,CLE,RB,32.3,191.7,1.3,8.9,71.1,0.2,0.1,0.0,0.0,0,0.0,0.0
78,Jeff Wilson Jr.,SF,RB,46.4,168.5,1.5,10.1,74.2,0.6,0.6,0.0,0.0,0,0.0,0.0
79,Kyle Juszczyk,SF,RB,12.2,38.8,0.6,24.4,200.3,1.2,0.1,0.0,0.0,0,0.0,0.0
80,Phillip Lindsay,IND,RB,45.0,226.9,1.5,3.9,29.2,0.1,0.1,0.0,0.0,0,0.0,0.0
81,Tyler Goodson,GB,RB,0.0,170.3,1.6,7.8,63.8,0.4,0.2,0.0,0.0,0,0.0,0.0
82,Joshua Kelley,LAC,RB,45.3,208.0,1.2,8.0,58.7,0.2,0.9,0.0,0.0,0,0.0,0.0
83,Craig Reynolds,DET,RB,36.6,180.4,0.8,10.4,78.9,0.4,0.4,0.0,0.0,0,0.0,0.0
84,Brandon Bolden,LV,RB,24.8,105.3,0.7,16.7,153.4,0.5,0.4,0.0,0.0,0,0.0,0.0
85,Justin Jackson,DET,RB,25.1,150.5,1.1,9.5,74.7,0.4,0.2,0.0,0.0,0,0.0,0.0
86,Chris Evans,CIN,RB,27.4,100.3,0.6,15.6,112.8,0.8,0.1,0.0,0.0,0,0.0,0.0
87,Tevin Coleman,NYJ,RB,24.9,171.4,0.9,8.1,54.7,0.1,0.3,0.0,0.0,0,0.0,0.0
88,Travis Homer,SEA,RB,17.2,94.2,0.6,11.6,93.1,0.5,0.1,0.0,0.0,0,0.0,0.0
89,J.J. Taylor,NE,RB,22.4,121.9,1.4,4.3,29.3,0.2,0.1,0.0,0.0,0,0.0,0.0
90,Zack Moss,BUF,RB,30.2,136.7,1.0,4.7,34.5,0.2,0.1,0.0,0.0,0,0.0,0.0
91,Duke Johnson Jr.,BUF,RB,27.0,123.0,0.9,6.9,61.1,0.2,0.5,0.0,0.0,0,0.0,0.0
92,Benny Snell Jr.,PIT,RB,37.6,149.0,0.9,4.4,30.3,0.1,0.2,0.0,0.0,0,0.0,0.0
93,Jermar Jefferson,DET,RB,26.9,114.0,1.3,4.8,32.5,0.0,0.0,0.0,0.0,0,0.0,0.0
94,Ryquell Armstead,JAC,RB,5.9,105.9,0.6,6.3,66.5,0.2,0.1,0.0,0.0,0,0.0,0.0
95,Ty Montgomery,NE,RB,17.6,71.2,0.3,15.2,118.7,0.3,0.2,0.0,0.0,0,0.0,0.0
96,Pierre Strong Jr.,NE,RB,20.4,115.8,1.0,5.1,39.2,0.1,0.1,0.0,0.0,0,0.0,0.0
97,Dare Ogunbowale,HOU,RB,10.2,89.4,0.5,10.2,80.9,0.3,0.1,0.0,0.0,0,0.0,0.0
98,Myles Gaskin,MIA,RB,20.6,111.2,0.6,8.8,55.3,0.1,0.3,0.0,0.0,0,0.0,0.0
99,Jaylen Warren,PIT,RB,26.8,122.2,0.9,3.9,25.0,0.1,0.2,0.0,0.0,0,0.0,0.0
100,Anthony McFarland Jr.,PIT,RB,18.4,102.3,0.6,5.1,37.4,0.4,0.1,0.0,0.0,0,0.0,0.0
101,Qadree Ollison,ATL,RB,12.6,101.5,0.8,5.5,36.7,0.2,0.3,0.0,0.0,0,0.0,0.0
102,DeeJay Dallas,SEA,RB,15.9,81.8,0.6,9.0,61.2,0.2,0.1,0.0,0.0,0,0.0,0.0
103,Trey Sermon,SF,RB,20.5,84.3,0.9,6.0,40.8,0.1,0.1,0.0,0.0,0,0.0,0.0
104,Tony Jones Jr.,NO,RB,28.3,113.7,0.5,5.3,37.1,0.1,0.0,0.0,0.0,0,0.0,0.0
105,Gary Brightwell,NYG,RB,22.7,87.1,0.7,5.9,45.0,0.1,0.1,0.0,0.0,0,0.0,0.0
106,Giovani Bernard,TB,RB,16.1,66.5,0.4,7.8,56.0,0.5,0.1,0.0,0.0,0,0.0,0.0
107,Trestan Ebner,CHI,RB,7.8,69.3,0.5,6.6,50.9,0.2,0.1,0.0,0.0,0,0.0,0.0
108,Tory Carter,TEN,RB,9.5,44.5,0.5,6.9,49.7,0.6,0.0,0.0,0.0,0,0.0,0.0
109,Jaret Patterson,WAS,RB,6.0,88.1,0.6,4.3,26.5,0.2,0.1,0.0,0.0,0,0.0,0.0
110,Keaontay Ingram,ARI,RB,25.1,102.8,0.5,3.1,25.6,0.0,0.0,0.0,0.0,0,0.0,0.0
111,Kene Nwangwu,MIN,RB,21.5,84.3,0.6,3.9,24.8,0.1,0.1,0.0,0.0,0,0.0,0.0
112,Tyler Badie,BAL,RB,21.1,100.9,0.5,2.6,19.9,0.0,0.0,0.0,0.0,0,0.0,0.0
113,Kyren Williams,LAR,RB,15.7,66.9,0.9,3.7,28.4,0.0,0.1,0.0,0.0,0,0.0,0.0
114,JaMycal Hasty,SF,RB,15.0,48.4,0.6,8.0,57.7,0.1,0.0,0.0,0.0,0,0.0,0.0
115,Demetric Felton Jr.,CLE,RB,3.6,25.0,0.1,9.4,86.0,0.6,0.4,0.0,0.0,0,0.0,0.0
116,Darwin Thompson,SEA,RB,0.0,75.6,0.6,3.8,28.8,0.2,0.1,0.0,0.0,0,0.0,0.0
117,Mike Boone,DEN,RB,14.0,75.0,0.7,3.5,25.4,0.1,0.0,0.0,0.0,0,0.0,0.0
118,Darrynton Evans,CHI,RB,18.5,80.0,0.5,3.8,27.9,0.1,0.1,0.0,0.0,0,0.0,0.0
119,Snoop Conner,JAC,RB,20.2,82.2,0.4,4.6,32.8,0.1,0.1,0.0,0.0,0,0.0,0.0
120,Abram Smith,NO,RB,20.7,85.9,0.6,1.9,13.7,0.1,0.1,0.0,0.0,0,0.0,0.0
121,Jerome Ford,CLE,RB,17.0,84.7,0.5,2.0,18.0,0.0,0.0,0.0,0.0,0,0.0,0.0
122,Patrick Taylor Jr.,GB,RB,5.3,66.6,0.6,3.0,20.5,0.1,0.1,0.0,0.0,0,0.0,0.0
123,Patrick Ricard,BAL,RB,2.7,7.0,0.1,10.1,68.9,0.7,0.0,0.0,0.0,0,0.0,0.0
124,Dwayne Washington,NO,RB,16.9,48.3,0.4,4.7,38.9,0.2,0.1,0.0,0.0,0,0.0,0.0
125,C.J. Ham,MIN,RB,5.5,15.3,0.1,9.8,70.5,0.4,0.0,0.0,0.0,0,0.0,0.0
126,Ty'Son Williams,IND,RB,13.6,64.8,0.4,2.5,20.7,0.1,0.0,0.0,0.0,0,0.0,0.0
127,Rico Dowdle,DAL,RB,13.2,56.1,0.3,3.9,30.6,0.1,0.1,0.0,0.0,0,0.0,0.0
128,Kylin Hill,GB,RB,11.2,43.6,0.1,6.6,49.2,0.1,0.0,0.0,0.0,0,0.0,0.0
129,Jake Funk,LAR,RB,9.6,49.9,0.4,3.0,21.7,0.1,0.1,0.0,0.0,0,0.0,0.0
130,Justice Hill,BAL,RB,11.0,45.8,0.4,3.4,22.3,0.1,0.0,0.0,0.0,0,0.0,0.0
131,Larry Rountree III,LAC,RB,12.5,52.1,0.5,2.3,17.1,0.1,0.1,0.0,0.0,0,0.0,0.0
132,Trenton Cannon,TEN,RB,10.4,21.0,0.1,5.9,51.5,0.3,0.0,0.0,0.0,0,0.0,0.0
133,Keith Smith,ATL,RB,8.1,24.1,0.2,6.9,44.9,0.3,0.1,0.0,0.0,0,0.0,0.0
134,Antonio Williams,NYG,RB,11.2,53.9,0.4,1.8,14.2,0.0,0.0,0.0,0.0,0,0.0,0.0
135,Ty Chandler,MIN,RB,16.0,60.7,0.1,4.0,26.5,0.0,0.0,0.0,0.0,0,0.0,0.0
136,Royce Freeman,HOU,RB,8.7,35.4,0.2,4.3,27.8,0.2,0.0,0.0,0.0,0,0.0,0.0
137,Michael Burton,KC,RB,5.8,30.6,0.3,3.4,20.5,0.2,0.0,0.0,0.0,0,0.0,0.0
138,Alec Ingold,MIA,RB,4.3,14.1,0.1,5.3,41.1,0.3,0.0,0.0,0.0,0,0.0,0.0
139,Andrew Beck,DEN,RB,4.7,18.8,0.2,4.4,33.0,0.2,0.0,0.0,0.0,0,0.0,0.0
140,Jakob Johnson,LV,RB,4.0,16.5,0.2,4.4,32.7,0.3,0.1,0.0,0.0,0,0.0,0.0
141,Giovanni Ricci,CAR,RB,4.5,18.1,0.1,4.1,31.2,0.2,0.0,0.0,0.0,0,0.0,0.0
142,Ty Johnson,NYJ,RB,5.4,22.4,0.1,3.8,29.6,0.2,0.1,0.0,0.0,0,0.0,0.0
143,La'Mical Perine,NYJ,RB,4.3,17.3,0.2,3.9,26.9,0.2,0.0,0.0,0.0,0,0.0,0.0
144,Julius Chestnut,TEN,RB,4.5,19.0,0.1,3.8,27.9,0.2,0.0,0.0,0.0,0,0.0,0.0
145,Deon Jackson,IND,RB,8.4,36.0,0.3,1.0,7.1,0.0,0.1,0.0,0.0,0,0.0,0.0
146,Khari Blasingame,CHI,RB,2.4,10.1,0.1,4.3,30.3,0.2,0.0,0.0,0.0,0,0.0,0.0
147,Derek Watt,PIT,RB,2.2,8.7,0.1,4.4,32.6,0.2,0.0,0.0,0.0,0,0.0,0.0
148,Jason Cabinda,DET,RB,3.0,9.9,0.1,4.5,29.4,0.2,0.0,0.0,0.0,0,0.0,0.0
149,Kevin Harris,NE,RB,8.2,34.3,0.3,0.0,0.0,0.0,0.0,0.0,0.0,0,0.0,0.0
150,Johnny Stanton IV,CLE,RB,2.2,9.3,0.1,3.9,27.5,0.2,0.0,0.0,0.0,0,0.0,0.0
151,Adam Prentice,NO,RB,4.4,18.9,0.1,2.0,14.7,0.1,0.0,0.0,0.0,0,0.0,0.0
152,Reggie Gilliam,BUF,RB,0.0,0.0,0.0,4.4,32.5,0.2,0.0,0.0,0.0,0,0.0,0.0
153,Nick Bawden,NYJ,RB,0.0,0.0,0.0,4.3,31.5,0.2,0.0,0.0,0.0,0,0.0,0.0
154,Trayveon Williams,CIN,RB,2.9,11.9,0.1,2.8,19.3,0.1,0.0,0.0,0.0,0,0.0,0.0
155,Mekhi Sargent,JAC,RB,2.2,8.9,0.1,2.1,15.9,0.1,0.0,0.0,0.0,0,0.0,0.0
156,Godwin Igwebuike,DET,RB,2.2,9.1,0.1,2.0,15.2,0.1,0.0,0.0,0.0,0,0.0,0.0
157,Jason Huntley,PHI,RB,3.0,12.6,0.1,1.1,7.9,0.1,0.1,0.0,0.0,0,0.0,0.0
158,Gabe Nabers,LAC,RB,4.4,18.9,0.2,0.0,0.0,0.0,0.0,0.0,0.0,0,0.0,0.0
159,Gerrid Doaks,MIA,RB,0.0,0.0,0.0,0.0,0.0,0.0,0.0,0.0,0.0,0,0.0,0.0
160,Taiwan Jones,BUF,RB,0.0,0.0,0.0,0.0,0.0,0.0,0.0,0.0,0.0,0,0.0,0.0
161,Jonathan Williams,WAS,RB,0.0,0.0,0.0,0.0,0.0,0.0,0.0,0.0,0.0,0,0.0,0.0
162,John Kelly Jr.,CLE,RB,0.0,0.0,0.0,0.0,0.0,0.0,0.0,0.0,0.0,0,0.0,0.0
163,Nate McCrary,BAL,RB,0.0,0.0,0.0,0.0,0.0,0.0,0.0,0.0,0.0,0,0.0,0.0
164,Reggie Bonnafon,WAS,RB,0.0,0.0,0.0,0.0,0.0,0.0,0.0,0.0,0.0,0,0.0,0.0
165,John Lovett,MIA,RB,0.0,0.0,0.0,0.0,0.0,0.0,0.0,0.0,0.0,0,0.0,0.0
166,Malik Davis,DAL,RB,0.0,0.0,0.0,0.0,0.0,0.0,0.0,0.0,0.0,0,0.0,0.0
167,Salvon Ahmed,MIA,RB,0.0,0.0,0.0,0.0,0.0,0.0,0.0,0.0,0.0,0,0.0,0.0
168,Spencer Brown,BUF,RB,0.0,0.0,0.0,0.0,0.0,0.0,0.0,0.0,0.0,0,0.0,0.0
169,0,0,RB,0.0,0,0.0,0.0,0,0.0,0.0,0.0,0.0,0,0.0,0.0
170,0,0,RB,0.0,0,0.0,0.0,0,0.0,0.0,0.0,0.0,0,0.0,0.0
1,Cooper Kupp,LAR,WR,4.1,23.9,0.1,123.0,"1,599.7",12.4,0.6,0.0,0.0,0,0.0,0.0
2,Ja'Marr Chase,CIN,WR,8.5,49.9,0.2,91.7,"1,417.5",10.5,0.6,0.0,0.0,0,0.0,0.0
3,Justin Jefferson,MIN,WR,3.1,16.0,0.0,103.2,"1,506.8",9.6,0.6,0.0,0.0,0,0.0,0.0
4,Deebo Samuel,SF,WR,66.2,376.2,4.7,70.7,"1,052.8",6.1,0.7,0.0,0.0,0,0.0,0.0
5,Davante Adams,LV,WR,0.0,0.0,0.0,106.4,"1,322.2",9.2,0.5,0.0,0.0,0,0.0,0.0
6,Stefon Diggs,BUF,WR,0.2,2.0,0.0,102.1,"1,256.9",8.9,0.5,0.0,0.0,0,0.0,0.0
7,CeeDee Lamb,DAL,WR,6.0,45.0,0.1,91.1,"1,233.9",7.6,0.5,0.0,0.0,0,0.0,0.0
8,Mike Evans,TB,WR,0.2,1.4,0.0,82.2,"1,132.1",10.1,0.5,0.0,0.0,0,0.0,0.0
9,Tyreek Hill,MIA,WR,8.8,62.1,0.3,92.1,"1,149.4",8.0,0.5,0.0,0.0,0,0.0,0.0
10,Tee Higgins,CIN,WR,0.2,0.8,0.0,85.3,"1,195.2",7.8,0.5,0.0,0.0,0,0.0,0.0
11,A.J. Brown,PHI,WR,0.8,7.6,0.0,77.6,"1,134.6",8.1,0.5,0.0,0.0,0,0.0,0.0
12,Mike Williams,LAC,WR,0.0,0.2,0.0,74.6,"1,098.1",7.9,0.4,0.0,0.0,0,0.0,0.0
13,Michael Pittman Jr.,IND,WR,3.7,29.1,0.0,91.1,"1,126.7",6.6,0.6,0.0,0.0,0,0.0,0.0
14,DJ Moore,CAR,WR,5.6,37.7,0.1,87.0,"1,146.7",5.6,0.6,0.0,0.0,0,0.0,0.0
15,Keenan Allen,LAC,WR,0.4,1.8,0.0,99.8,"1,089.6",6.9,0.5,0.0,0.0,0,0.0,0.0
16,Gabriel Davis,BUF,WR,0.0,0.0,0.0,61.5,960.9,8.8,0.1,0.0,0.0,0,0.0,0.0
17,Brandin Cooks,HOU,WR,2.6,18.5,0.1,92.3,"1,105.3",6.1,0.5,0.0,0.0,0,0.0,0.0
18,DK Metcalf,SEA,WR,0.4,2.2,0.0,78.5,"1,057.2",6.8,0.6,0.0,0.0,0,0.0,0.0
19,Diontae Johnson,PIT,WR,4.2,31.7,0.1,94.8,"1,045.6",6.1,1.0,0.0,0.0,0,0.0,0.0
20,Terry McLaurin,WAS,WR,0.4,4.6,0.0,78.5,"1,071.2",5.9,0.4,0.0,0.0,0,0.0,0.0
21,Courtland Sutton,DEN,WR,0.2,0.6,0.0,70.8,"1,004.2",6.8,0.5,0.0,0.0,0,0.0,0.0
22,Jaylen Waddle,MIA,WR,3.3,19.1,0.3,89.5,999.1,6.1,0.6,0.0,0.0,0,0.0,0.0
23,Michael Thomas,NO,WR,0.2,-0.8,0.0,85.5,995.1,6.5,0.5,0.0,0.0,0,0.0,0.0
24,Amon-Ra St. Brown,DET,WR,6.6,46.6,0.4,87.6,951.3,6.0,0.5,0.0,0.0,0,0.0,0.0
25,Jerry Jeudy,DEN,WR,1.2,5.5,0.0,75.3,"1,024.6",5.8,0.6,0.0,0.0,0,0.0,0.0
26,Darnell Mooney,CHI,WR,5.0,26.1,0.2,77.9,"1,029.5",4.8,0.5,0.0,0.0,0,0.0,0.0
27,Tyler Lockett,SEA,WR,2.1,11.8,0.1,74.2,995.7,5.6,0.5,0.0,0.0,0,0.0,0.0
28,Chris Godwin,TB,WR,2.2,12.0,0.3,81.0,940.9,6.4,0.9,0.0,0.0,0,0.0,0.0
29,Elijah Moore,NYJ,WR,6.2,50.8,0.5,70.0,904.4,5.8,0.5,0.0,0.0,0,0.0,0.0
30,Marquise Brown,ARI,WR,2.0,12.9,0.1,75.0,963.3,5.7,0.6,0.0,0.0,0,0.0,0.0
31,Adam Thielen,MIN,WR,0.4,1.2,0.0,74.0,838.5,7.8,0.5,0.0,0.0,0,0.0,0.0
32,Amari Cooper,CLE,WR,0.2,0.6,0.0,75.2,945.1,5.8,0.5,0.0,0.0,0,0.0,0.0
33,JuJu Smith-Schuster,KC,WR,2.3,11.5,0.5,78.5,854.0,6.6,0.5,0.0,0.0,0,0.0,0.0
34,Robert Woods,TEN,WR,8.9,61.2,0.7,73.4,875.0,5.0,0.5,0.0,0.0,0,0.0,0.0
35,Allen Robinson II,LAR,WR,0.0,0.0,0.0,75.6,917.1,6.0,0.5,0.0,0.0,0,0.0,0.0
36,Hunter Renfrow,LV,WR,1.2,5.0,0.0,82.9,884.7,6.3,0.6,0.0,0.0,0,0.0,0.0
37,Rashod Bateman,BAL,WR,0.2,2.2,0.0,73.5,931.9,5.0,0.5,0.0,0.0,0,0.0,0.0
38,DeVonta Smith,PHI,WR,0.0,0.0,0.0,62.8,863.3,5.6,0.5,0.0,0.0,0,0.0,0.0
39,Chase Claypool,PIT,WR,8.7,52.4,0.2,63.8,852.3,4.6,0.5,0.0,0.0,0,0.0,0.0
40,Brandon Aiyuk,SF,WR,2.9,17.4,0.0,61.7,837.9,5.5,0.5,0.0,0.0,0,0.0,0.0
41,Allen Lazard,GB,WR,1.4,12.3,0.0,56.4,760.6,6.6,0.4,0.0,0.0,0,0.0,0.0
42,Christian Kirk,JAC,WR,0.8,5.8,0.0,71.3,873.3,4.6,0.5,0.0,0.0,0,0.0,0.0
43,Drake London,ATL,WR,0.8,4.2,0.0,65.5,863.7,4.7,0.8,0.0,0.0,0,0.0,0.0
44,Treylon Burks,TEN,WR,4.0,25.8,0.3,55.5,780.5,4.8,0.8,0.0,0.0,0,0.0,0.0
45,Mecole Hardman,KC,WR,8.4,58.9,0.4,58.3,734.5,4.7,1.0,0.0,0.0,0,0.0,0.0
46,DeAndre Hopkins,ARI,WR,0.0,0.4,0.0,58.9,748.0,5.5,0.5,0.0,0.0,0,0.0,0.0
47,Kenny Golladay,NYG,WR,0.0,0.0,0.0,56.3,796.4,4.5,0.4,0.0,0.0,0,0.0,0.0
48,Kadarius Toney,NYG,WR,8.8,59.6,0.1,65.8,761.7,3.9,0.5,0.0,0.0,0,0.0,0.0
49,Marquez Valdes-Scantling,KC,WR,0.6,3.2,0.0,46.1,749.6,4.9,0.1,0.0,0.0,0,0.0,0.0
50,Jakobi Meyers,NE,WR,0.4,2.8,0.0,72.9,822.3,3.8,0.5,0.0,0.0,0,0.0,0.0
51,DeVante Parker,NE,WR,0.0,0.0,0.0,56.6,757.1,4.7,0.4,0.0,0.0,0,0.0,0.0
52,Tim Patrick,DEN,WR,0.0,0.0,0.0,52.3,682.6,5.9,0.3,0.0,0.0,0,0.0,0.0
53,Russell Gage,TB,WR,0.2,0.8,0.0,64.1,727.8,5.2,0.9,0.0,0.0,0,0.0,0.0
54,Tyler Boyd,CIN,WR,2.7,19.0,0.0,64.1,740.0,4.2,0.5,0.0,0.0,0,0.0,0.0
55,Michael Gallup,DAL,WR,2.0,14.2,0.0,49.7,701.0,4.8,0.4,0.0,0.0,0,0.0,0.0
56,Jarvis Landry,NO,WR,3.0,16.5,0.3,59.3,713.4,4.3,0.6,0.0,0.0,0,0.0,0.0
57,Chris Olave,NO,WR,0.4,2.2,0.0,50.3,718.2,4.6,0.5,0.0,0.0,0,0.0,0.0
58,Robbie Anderson,CAR,WR,3.7,24.6,0.1,57.7,681.2,4.7,0.4,0.0,0.0,0,0.0,0.0
59,Garrett Wilson,NYJ,WR,1.8,13.2,0.0,53.7,731.9,4.1,0.8,0.0,0.0,0,0.0,0.0
60,Marvin Jones Jr.,JAC,WR,0.0,0.0,0.0,56.0,675.4,4.8,0.4,0.0,0.0,0,0.0,0.0
61,DJ Chark Jr.,DET,WR,0.2,1.6,0.0,46.7,659.1,4.6,0.1,0.0,0.0,0,0.0,0.0
62,Corey Davis,NYJ,WR,0.0,0.0,0.0,48.0,675.4,4.0,0.5,0.0,0.0,0,0.0,0.0
63,Jahan Dotson,WAS,WR,0.4,2.2,0.0,51.3,679.2,3.7,0.8,0.0,0.0,0,0.0,0.0
64,Van Jefferson,LAR,WR,1.9,15.0,0.0,45.4,623.2,4.0,0.1,0.0,0.0,0,0.0,0.0
65,Jalen Tolbert,DAL,WR,0.4,2.4,0.0,48.2,632.9,4.3,0.8,0.0,0.0,0,0.0,0.0
66,Nico Collins,HOU,WR,0.0,0.0,0.0,51.8,679.5,3.5,0.5,0.0,0.0,0,0.0,0.0
67,George Pickens,PIT,WR,0.4,1.8,0.0,53.8,671.2,3.6,0.8,0.0,0.0,0,0.0,0.0
68,Skyy Moore,KC,WR,1.2,7.8,0.0,45.8,616.5,4.3,0.8,0.0,0.0,0,0.0,0.0
69,K.J. Osborn,MIN,WR,0.2,2.0,0.0,45.7,581.7,4.6,0.4,0.0,0.0,0,0.0,0.0
70,Donovan Peoples-Jones,CLE,WR,0.0,0.0,0.0,42.9,643.5,3.5,0.4,0.0,0.0,0,0.0,0.0
71,Curtis Samuel,WAS,WR,16.6,91.8,0.8,44.1,499.4,3.4,0.5,0.0,0.0,0,0.0,0.0
72,Julio Jones,TB,WR,0.0,0.0,0.0,46.1,619.3,3.6,0.4,0.0,0.0,0,0.0,0.0
73,Rondale Moore,ARI,WR,17.3,99.8,0.6,53.8,528.0,2.8,0.6,0.0,0.0,0,0.0,0.0
74,Parris Campbell,IND,WR,0.5,3.3,0.0,48.3,588.3,3.6,0.1,0.0,0.0,0,0.0,0.0
75,Joshua Palmer,LAC,WR,0.0,0.0,0.0,46.9,550.8,4.3,0.2,0.0,0.0,0,0.0,0.0
76,Randall Cobb,GB,WR,0.8,3.2,0.0,41.6,532.3,4.2,0.5,0.0,0.0,0,0.0,0.0
77,Alec Pierce,IND,WR,0.0,0.0,0.0,40.6,552.6,3.6,0.2,0.0,0.0,0,0.0,0.0
78,Nick Westbrook-Ikhine,TEN,WR,0.0,0.0,0.0,42.2,541.4,3.8,0.5,0.0,0.0,0,0.0,0.0
79,Kendrick Bourne,NE,WR,6.4,48.2,0.1,39.0,495.3,3.5,0.5,0.0,0.0,0,0.0,0.0
80,Sterling Shepard,NYG,WR,1.0,4.2,0.0,53.8,555.5,2.9,0.4,0.0,0.0,0,0.0,0.0
81,KJ Hamler,DEN,WR,3.1,20.6,0.0,39.4,509.5,3.0,0.1,0.0,0.0,0,0.0,0.0
82,Christian Watson,GB,WR,1.5,9.1,0.0,35.2,475.1,3.6,0.4,0.0,0.0,0,0.0,0.0
83,A.J. Green,ARI,WR,0.0,0.0,0.0,36.4,523.5,2.6,0.1,0.0,0.0,0,0.0,0.0
84,Bryan Edwards,ATL,WR,0.2,1.4,0.0,35.8,522.7,2.6,0.1,0.0,0.0,0,0.0,0.0
85,Jameson Williams,DET,WR,0.4,2.2,0.0,36.3,500.0,2.9,0.6,0.0,0.0,0,0.0,0.0
86,Devin Duvernay,BAL,WR,4.9,34.0,0.1,41.2,467.8,2.6,0.2,0.0,0.0,0,0.0,0.0
87,Zay Jones,JAC,WR,0.4,0.6,0.0,41.7,488.9,2.7,0.4,0.0,0.0,0,0.0,0.0
88,Byron Pringle,CHI,WR,0.0,0.0,0.0,37.3,469.8,2.8,0.2,0.0,0.0,0,0.0,0.0
89,Cedrick Wilson Jr.,MIA,WR,0.6,1.6,0.0,38.2,457.5,3.1,0.5,0.0,0.0,0,0.0,0.0
90,Jamison Crowder,BUF,WR,2.2,14.0,0.2,41.2,430.0,2.9,0.5,0.0,0.0,0,0.0,0.0
91,Laviska Shenault Jr.,JAC,WR,10.5,52.1,0.3,39.2,410.7,2.5,0.4,0.0,0.0,0,0.0,0.0
92,Sammy Watkins,GB,WR,0.6,3.5,0.0,33.7,448.0,2.6,0.4,0.0,0.0,0,0.0,0.0
93,James Washington,DAL,WR,0.4,2.4,0.0,26.9,396.7,3.3,0.1,0.0,0.0,0,0.0,0.0
94,Romeo Doubs,GB,WR,0.4,2.4,0.0,31.8,423.6,2.9,0.7,0.0,0.0,0,0.0,0.0
95,Wan'Dale Robinson,NYG,WR,5.7,33.3,0.1,36.4,410.2,2.3,0.2,0.0,0.0,0,0.0,0.0
96,Nelson Agholor,NE,WR,1.5,7.5,0.0,29.6,406.2,2.4,0.1,0.0,0.0,0,0.0,0.0
97,David Bell,CLE,WR,1.2,8.8,0.0,33.3,413.3,2.3,0.4,0.0,0.0,0,0.0,0.0
98,Braxton Berrios,NYJ,WR,5.2,31.4,0.9,35.2,354.7,2.0,0.5,0.0,0.0,0,0.0,0.0
99,Isaiah McKenzie,BUF,WR,6.8,40.2,0.3,35.0,349.5,2.4,0.2,0.0,0.0,0,0.0,0.0
100,Chris Conley,HOU,WR,0.0,0.0,0.0,33.6,411.4,2.1,0.2,0.0,0.0,0,0.0,0.0
101,Olamide Zaccheaus,ATL,WR,0.4,1.8,0.0,29.6,380.4,2.2,0.1,0.0,0.0,0,0.0,0.0
102,Terrace Marshall Jr.,CAR,WR,0.0,0.0,0.0,29.8,369.5,2.3,0.1,0.0,0.0,0,0.0,0.0
103,Velus Jones Jr.,CHI,WR,1.0,6.3,0.0,28.2,361.6,2.2,0.2,0.0,0.0,0,0.0,0.0
104,Jauan Jennings,SF,WR,0.0,0.0,0.0,28.5,323.6,2.6,0.1,0.0,0.0,0,0.0,0.0
105,Demarcus Robinson,BAL,WR,0.0,0.0,0.0,29.0,342.7,2.3,0.1,0.0,0.0,0,0.0,0.0
106,Quez Watkins,PHI,WR,0.0,0.0,0.0,25.6,355.1,1.8,0.0,0.0,0.0,0,0.0,0.0
107,Jalen Guyton,LAC,WR,4.4,25.9,0.1,21.5,312.3,2.0,0.1,0.0,0.0,0,0.0,0.0
108,Dee Eskridge,SEA,WR,4.3,29.1,0.1,24.2,311.7,1.5,0.3,0.0,0.0,0,0.0,0.0
109,Keelan Cole Sr.,LV,WR,0.0,0.2,0.0,22.7,312.9,1.9,0.0,0.0,0.0,0,0.0,0.0
110,Freddie Swain,SEA,WR,0.5,3.0,0.0,25.3,303.1,1.8,0.1,0.0,0.0,0,0.0,0.0
111,Amari Rodgers,GB,WR,1.5,9.4,0.0,23.5,305.5,1.8,0.4,0.0,0.0,0,0.0,0.0
112,James Proche II,BAL,WR,0.0,0.0,0.0,24.1,293.4,1.7,0.1,0.0,0.0,0,0.0,0.0
113,Josh Reynolds,DET,WR,0.0,0.0,0.0,21.5,291.8,1.6,0.1,0.0,0.0,0,0.0,0.0
114,Marquez Callaway,NO,WR,1.8,10.6,0.1,17.7,260.7,1.7,0.0,0.0,0.0,0,0.0,0.0
115,Darius Slayton,NYG,WR,0.3,-2.5,0.0,19.8,268.8,1.5,0.6,0.0,0.0,0,0.0,0.0
116,Phillip Dorsett II,HOU,WR,0.5,3.3,0.0,20.5,249.4,1.2,0.1,0.0,0.0,0,0.0,0.0
117,Rashard Higgins,CAR,WR,0.3,2.7,0.0,17.8,240.4,1.3,0.1,0.0,0.0,0,0.0,0.0
118,Laquon Treadwell,JAC,WR,0.0,0.0,0.0,15.9,211.6,1.3,0.0,0.0,0.0,0,0.0,0.0
119,Tylan Wallace,BAL,WR,0.0,0.0,0.0,15.8,205.9,1.3,0.1,0.0,0.0,0,0.0,0.0
120,Jaylon Moore,NYG,WR,0.0,0.0,0.0,16.8,202.8,1.3,0.0,0.0,0.0,0,0.0,0.0
121,Anthony Schwartz,CLE,WR,1.1,6.8,0.0,14.8,196.4,1.3,0.1,0.0,0.0,0,0.0,0.0
122,Quintez Cephus,DET,WR,0.0,0.0,0.0,13.2,178.8,1.6,0.0,0.0,0.0,0,0.0,0.0
123,Ben Skowronek,LAR,WR,0.0,0.0,0.0,15.1,185.9,1.4,0.0,0.0,0.0,0,0.0,0.0
124,Keke Coutee,IND,WR,0.0,0.0,0.0,15.1,194.3,1.2,0.0,0.0,0.0,0,0.0,0.0
125,Jamal Agnew,JAC,WR,8.6,56.3,0.4,12.3,138.8,0.7,0.1,0.0,0.0,0,0.0,0.0
126,Montrell Washington,DEN,WR,0.0,0.0,0.0,13.7,189.3,1.1,0.0,0.0,0.0,0,0.0,0.0
127,Noah Brown,DAL,WR,0.0,0.0,0.0,14.3,174.7,1.2,0.1,0.0,0.0,0,0.0,0.0
128,Equanimeous St. Brown,CHI,WR,0.0,0.0,0.0,13.2,180.7,0.9,0.1,0.0,0.0,0,0.0,0.0
129,Dyami Brown,WAS,WR,0.0,0.0,0.0,11.7,180.4,0.9,0.0,0.0,0.0,0,0.0,0.0
130,Chris Moore,HOU,WR,0.0,0.0,0.0,16.1,173.0,0.9,0.0,0.0,0.0,0,0.0,0.0
131,Dez Fitzpatrick,TEN,WR,0.0,0.0,0.0,12.8,170.4,0.9,0.0,0.0,0.0,0,0.0,0.0
132,Ty Montgomery,NE,WR,9.7,56.9,0.5,11.0,103.9,0.6,0.0,0.0,0.0,0,0.0,0.0
133,Kalif Raymond,DET,WR,0.7,4.2,0.0,12.6,154.0,1.0,0.0,0.0,0.0,0,0.0,0.0
134,Zach Pascal,PHI,WR,0.3,1.8,0.0,11.7,148.0,1.1,0.0,0.0,0.0,0,0.0,0.0
135,Damiere Byrd,ATL,WR,0.0,0.0,0.0,14.1,167.4,0.8,0.1,0.0,0.0,0,0.0,0.0
136,Simi Fehoko,DAL,WR,0.0,0.0,0.0,12.0,155.0,1.0,0.0,0.0,0.0,0,0.0,0.0
137,Calvin Austin III,PIT,WR,0.0,0.0,0.0,14.4,168.7,0.7,0.1,0.0,0.0,0,0.0,0.0
138,Tutu Atwell,LAR,WR,0.0,0.0,0.0,11.0,137.8,1.0,0.2,0.0,0.0,0,0.0,0.0
139,Ray-Ray McCloud,SF,WR,0.0,0.0,0.0,12.4,142.4,0.8,0.0,0.0,0.0,0,0.0,0.0
140,Ihmir Smith-Marsette,MIN,WR,0.0,0.0,0.0,11.4,141.6,0.8,0.1,0.0,0.0,0,0.0,0.0
141,Breshad Perriman,TB,WR,0.0,0.0,0.0,9.3,133.0,0.9,0.0,0.0,0.0,0,0.0,0.0
142,Cody Hollister,TEN,WR,0.0,0.0,0.0,11.3,133.2,0.9,0.0,0.0,0.0,0,0.0,0.0
143,Cam Sims,WAS,WR,0.0,0.0,0.0,10.0,139.3,0.8,0.0,0.0,0.0,0,0.0,0.0
144,Mack Hollins,LV,WR,0.3,0.0,0.0,9.1,120.0,1.0,0.0,0.0,0.0,0,0.0,0.0
145,Erik Ezukanma,MIA,WR,0.0,0.0,0.0,9.2,129.3,0.8,0.0,0.0,0.0,0,0.0,0.0
146,Trent Sherfield,MIA,WR,0.0,0.0,0.0,11.0,130.6,0.8,0.1,0.0,0.0,0,0.0,0.0
147,Lynn Bowden Jr.,MIA,WR,2.3,14.3,0.1,11.2,116.1,0.6,0.0,0.0,0.0,0,0.0,0.0
148,Deonte Harty,NO,WR,1.3,11.0,0.0,8.2,113.5,0.8,0.0,0.0,0.0,0,0.0,0.0
149,Ja'Marcus Bradley,CLE,WR,0.0,0.0,0.0,9.9,126.7,0.7,0.0,0.0,0.0,0,0.0,0.0
150,Kyle Philips,TEN,WR,0.0,0.0,0.0,10.5,129.3,0.6,0.0,0.0,0.0,0,0.0,0.0
151,Brandon Zylstra,CAR,WR,0.0,0.0,0.0,10.6,130.6,0.6,0.1,0.0,0.0,0,0.0,0.0
152,Kristian Wilkerson,NE,WR,0.0,0.0,0.0,10.1,117.7,0.8,0.0,0.0,0.0,0,0.0,0.0
153,Danny Gray,SF,WR,0.0,0.0,0.0,10.1,121.3,0.7,0.0,0.0,0.0,0,0.0,0.0
154,Khalil Shakir,BUF,WR,0.7,4.0,0.0,9.0,109.0,0.7,0.0,0.0,0.0,0,0.0,0.0
155,Antoine Wesley,ARI,WR,0.0,0.0,0.0,8.9,110.7,0.8,0.0,0.0,0.0,0,0.0,0.0
156,Ashton Dulin,IND,WR,1.2,7.5,0.1,8.2,108.1,0.6,0.1,0.0,0.0,0,0.0,0.0
157,Anthony Miller,PIT,WR,0.0,0.0,0.0,9.7,115.0,0.6,0.0,0.0,0.0,0,0.0,0.0
158,Tyler Johnson,TB,WR,0.0,0.0,0.0,9.6,109.4,0.7,0.0,0.0,0.0,0,0.0,0.0
159,Chester Rogers,HOU,WR,0.0,0.0,0.0,10.8,113.4,0.5,0.0,0.0,0.0,0,0.0,0.0
160,Tyquan Thornton,NE,WR,0.0,0.0,0.0,8.7,102.5,0.7,0.1,0.0,0.0,0,0.0,0.0
161,Juwan Johnson,NO,WR,0.0,0.0,0.0,10.3,97.4,0.7,0.0,0.0,0.0,0,0.0,0.0
162,Trinity Benson,DET,WR,0.0,0.0,0.0,8.6,100.1,0.5,0.0,0.0,0.0,0,0.0,0.0
163,Richie James Jr.,NYG,WR,0.0,0.0,0.0,8.0,100.2,0.5,0.1,0.0,0.0,0,0.0,0.0
164,Seth Williams,DEN,WR,0.0,0.0,0.0,7.4,87.8,0.6,0.0,0.0,0.0,0,0.0,0.0
165,Samori Toure,GB,WR,0.0,0.0,0.0,6.8,80.6,0.7,0.0,0.0,0.0,0,0.0,0.0
166,Juwann Winfree,GB,WR,0.0,0.0,0.0,7.2,83.8,0.6,0.0,0.0,0.0,0,0.0,0.0
167,KhaDarel Hodge,ATL,WR,0.0,0.0,0.0,6.2,91.2,0.5,0.0,0.0,0.0,0,0.0,0.0
168,Jeff Smith,NYJ,WR,0.0,0.0,0.0,6.7,90.3,0.5,0.0,0.0,0.0,0,0.0,0.0
169,Penny Hart,SEA,WR,0.0,0.0,0.0,8.0,85.2,0.5,0.0,0.0,0.0,0,0.0,0.0
170,Preston Williams,MIA,WR,0.0,0.0,0.0,6.7,79.2,0.5,0.0,0.0,0.0,0,0.0,0.0
171,Jalen Reagor,PHI,WR,3.1,17.1,0.1,5.9,62.2,0.4,0.1,0.0,0.0,0,0.0,0.0
172,Miles Boykin,PIT,WR,0.0,0.0,0.0,6.5,80.6,0.5,0.0,0.0,0.0,0,0.0,0.0
173,David Moore,CHI,WR,0.0,0.0,0.0,6.3,80.7,0.4,0.0,0.0,0.0,0,0.0,0.0
174,Marcus Johnson,SF,WR,0.0,0.0,0.0,6.0,73.9,0.5,0.0,0.0,0.0,0,0.0,0.0
175,N'Keal Harry,CHI,WR,0.0,0.0,0.0,6.6,81.5,0.4,0.1,0.0,0.0,0,0.0,0.0
176,Nsimba Webster,CHI,WR,0.0,0.0,0.0,6.0,77.1,0.4,0.0,0.0,0.0,0,0.0,0.0
177,Kendall Hinton,DEN,WR,0.0,0.0,0.0,5.1,74.3,0.5,0.0,0.0,0.0,0,0.0,0.0
178,Tre'Quan Smith,NO,WR,0.0,0.0,0.0,6.5,70.1,0.5,0.0,0.0,0.0,0,0.0,0.0
179,T.J. Vasher,DAL,WR,0.0,0.0,0.0,5.6,64.9,0.6,0.0,0.0,0.0,0,0.0,0.0
180,Tajae Sharpe,CHI,WR,0.0,0.0,0.0,5.9,71.4,0.4,0.0,0.0,0.0,0,0.0,0.0
181,Racey McMath,TEN,WR,0.0,0.0,0.0,5.4,70.9,0.4,0.0,0.0,0.0,0,0.0,0.0
182,Mike Strachan,IND,WR,0.0,0.0,0.0,5.8,68.2,0.5,0.0,0.0,0.0,0,0.0,0.0
183,Trent Taylor,CIN,WR,0.0,0.0,0.0,6.2,64.1,0.5,0.0,0.0,0.0,0,0.0,0.0
184,Bo Melton,SEA,WR,0.0,0.0,0.0,6.0,73.4,0.3,0.0,0.0,0.0,0,0.0,0.0
185,Dezmon Patmon,IND,WR,0.0,0.0,0.0,5.4,63.5,0.5,0.0,0.0,0.0,0,0.0,0.0
186,Andre Roberts,CAR,WR,0.0,0.0,0.0,4.2,71.2,0.3,0.0,0.0,0.0,0,0.0,0.0
187,DeAndre Carter,LAC,WR,0.0,0.0,0.0,5.4,64.8,0.4,0.0,0.0,0.0,0,0.0,0.0
188,Greg Ward,PHI,WR,0.0,0.0,0.0,5.6,62.9,0.4,0.0,0.0,0.0,0,0.0,0.0
189,Marquise Goodwin,SEA,WR,0.0,0.0,0.0,4.8,67.1,0.3,0.0,0.0,0.0,0,0.0,0.0
190,Javon Wims,CLE,WR,0.0,0.0,0.0,5.9,59.3,0.3,0.0,0.0,0.0,0,0.0,0.0
191,Mohamed Sanu Sr.,MIA,WR,0.0,0.0,0.0,5.8,54.2,0.4,0.0,0.0,0.0,0,0.0,0.0
192,C.J. Board,NYG,WR,0.0,0.0,0.0,3.7,55.2,0.3,0.0,0.0,0.0,0,0.0,0.0
193,Matthew Slater,NE,WR,0.0,0.0,0.0,1.9,62.5,0.2,0.0,0.0,0.0,0,0.0,0.0
194,Mike Thomas,CIN,WR,0.0,0.0,0.0,4.6,55.3,0.3,0.0,0.0,0.0,0,0.0,0.0
195,Tyrie Cleveland,DEN,WR,0.0,0.0,0.0,3.5,53.6,0.3,0.0,0.0,0.0,0,0.0,0.0
196,Jaelon Darden,TB,WR,0.0,0.0,0.0,4.0,52.6,0.3,0.0,0.0,0.0,0,0.0,0.0
197,Jake Kumerow,BUF,WR,0.0,0.0,0.0,3.6,44.0,0.3,0.0,0.0,0.0,0,0.0,0.0
198,Stanley Morgan Jr.,CIN,WR,0.0,0.0,0.0,4.5,50.6,0.2,0.0,0.0,0.0,0,0.0,0.0
199,Malik Taylor,GB,WR,0.0,0.0,0.0,3.6,43.2,0.3,0.0,0.0,0.0,0,0.0,0.0
200,Bisi Johnson,MIN,WR,0.0,0.0,0.0,4.7,43.9,0.3,0.0,0.0,0.0,0,0.0,0.0
201,Marquez Stevenson,BUF,WR,0.0,0.0,0.0,3.6,40.7,0.3,0.0,0.0,0.0,0,0.0,0.0
202,Greg Dortch,ARI,WR,0.0,0.0,0.0,3.4,45.7,0.3,0.0,0.0,0.0,0,0.0,0.0
203,Trenton Irwin,CIN,WR,0.0,0.0,0.0,3.5,39.8,0.3,0.0,0.0,0.0,0,0.0,0.0
204,Lil'Jordan Humphrey,NE,WR,0.0,0.0,0.0,3.4,42.6,0.3,0.0,0.0,0.0,0,0.0,0.0
205,Jalen Nailor,MIN,WR,0.0,0.0,0.0,3.4,39.9,0.3,0.0,0.0,0.0,0,0.0,0.0
206,Malik Turner,SF,WR,0.0,0.0,0.0,3.2,35.3,0.3,0.0,0.0,0.0,0,0.0,0.0
207,Shi Smith,CAR,WR,0.0,0.0,0.0,3.3,40.7,0.2,0.0,0.0,0.0,0,0.0,0.0
208,Tyron Johnson,LV,WR,0.0,0.0,0.0,3.0,38.2,0.3,0.0,0.0,0.0,0,0.0,0.0
209,Devin Funchess,DET,WR,0.0,0.0,0.0,3.0,39.0,0.2,0.0,0.0,0.0,0,0.0,0.0
210,Dax Milne,WAS,WR,0.0,0.0,0.0,3.3,38.6,0.2,0.0,0.0,0.0,0,0.0,0.0
211,Dennis Houston,DAL,WR,0.0,0.0,0.0,5.0,52.0,0.0,0.0,0.0,0.0,0,0.0,0.0
212,Dante Pettis,CHI,WR,0.0,0.0,0.0,2.9,40.9,0.2,0.0,0.0,0.0,0,0.0,0.0
213,Steven Sims Jr.,PIT,WR,0.0,0.0,0.0,3.7,38.5,0.2,0.0,0.0,0.0,0,0.0,0.0
214,Denzel Mims,NYJ,WR,0.0,0.0,0.0,3.0,37.9,0.2,0.0,0.0,0.0,0,0.0,0.0
215,Andy Isabella,ARI,WR,0.0,0.0,0.0,3.0,36.7,0.2,0.0,0.0,0.0,0,0.0,0.0
216,KeeSean Johnson,ATL,WR,0.0,0.0,0.0,3.0,31.0,0.3,0.0,0.0,0.0,0,0.0,0.0
217,Keelan Doss,NYG,WR,0.0,0.0,0.0,3.6,39.8,0.2,0.0,0.0,0.0,0,0.0,0.0
218,Collin Johnson,NYG,WR,0.0,0.0,0.0,3.5,39.6,0.2,0.0,0.0,0.0,0,0.0,0.0
219,Scotty Miller,TB,WR,0.0,0.0,0.0,2.8,35.2,0.2,0.0,0.0,0.0,0,0.0,0.0
220,David Sills V,NYG,WR,0.0,0.0,0.0,3.5,38.9,0.2,0.0,0.0,0.0,0,0.0,0.0
221,Isaiah Coulter,CHI,WR,0.0,0.0,0.0,3.0,38.9,0.2,0.0,0.0,0.0,0,0.0,0.0
222,Jason Moore Jr.,LAC,WR,0.0,0.0,0.0,2.8,34.2,0.3,0.0,0.0,0.0,0,0.0,0.0
223,Travis Fulgham,GB,WR,0.0,0.0,0.0,2.6,31.8,0.3,0.0,0.0,0.0,0,0.0,0.0
224,Cameron Batson,ATL,WR,0.0,0.0,0.0,3.2,35.2,0.2,0.0,0.0,0.0,0,0.0,0.0
225,Cody Thompson,SEA,WR,0.0,0.0,0.0,3.2,34.9,0.2,0.0,0.0,0.0,0,0.0,0.0
226,Jakeem Grant Sr.,CLE,WR,1.1,6.6,0.0,2.3,28.2,0.1,0.0,0.0,0.0,0,0.0,0.0
227,Gunner Olszewski,PIT,WR,0.0,0.0,0.0,2.4,29.7,0.2,0.0,0.0,0.0,0,0.0,0.0
228,Josh Gordon,KC,WR,0.0,0.0,0.0,1.7,26.0,0.2,0.0,0.0,0.0,0,0.0,0.0
229,Joe Reed,LAC,WR,0.0,0.0,0.0,1.4,28.4,0.1,0.0,0.0,0.0,0,0.0,0.0
230,Brandon Powell,LAR,WR,0.0,0.0,0.0,1.8,20.3,0.2,0.0,0.0,0.0,0,0.0,0.0
231,Tre Nixon,NE,WR,0.0,0.0,0.0,1.7,19.2,0.1,0.0,0.0,0.0,0,0.0,0.0
232,Frank Darby,ATL,WR,0.0,0.0,0.0,1.6,18.0,0.1,0.0,0.0,0.0,0,0.0,0.0
233,J.J. Arcega-Whiteside,SEA,WR,0.0,0.0,0.0,1.5,17.0,0.1,0.0,0.0,0.0,0,0.0,0.0
234,Daurice Fountain,KC,WR,0.0,0.0,0.0,1.0,10.6,0.1,0.0,0.0,0.0,0,0.0,0.0
235,Justin Watson,KC,WR,0.0,0.0,0.0,0.9,10.3,0.1,0.0,0.0,0.0,0,0.0,0.0
236,Alex Erickson,WAS,WR,0.0,0.0,0.0,0.0,0.0,0.0,0.0,0.0,0.0,0,0.0,0.0
237,Tom Kennedy,DET,WR,0.0,0.0,0.0,0.0,0.0,0.0,0.0,0.0,0.0,0,0.0,0.0
238,Rico Gafford,GB,WR,0.0,0.0,0.0,0.0,0.0,0.0,0.0,0.0,0.0,0,0.0,0.0
239,Tanner Gentry,BUF,WR,0.0,0.0,0.0,0.0,0.0,0.0,0.0,0.0,0.0,0,0.0,0.0
240,John Hightower,PHI,WR,0.0,0.0,0.0,0.0,0.0,0.0,0.0,0.0,0.0,0,0.0,0.0
241,Deon Cain,PHI,WR,0.0,0.0,0.0,0.0,0.0,0.0,0.0,0.0,0.0,0,0.0,0.0
242,Lawrence Cager,NYJ,WR,0.0,0.0,0.0,0.0,0.0,0.0,0.0,0.0,0.0,0,0.0,0.0
243,Isaiah Zuber,LV,WR,0.0,0.0,0.0,0.0,0.0,0.0,0.0,0.0,0.0,0,0.0,0.0
244,Slade Bolden,BAL,WR,0.0,0.0,0.0,0.0,0.0,0.0,0.0,0.0,0.0,0,0.0,0.0
245,Kevin White,NO,WR,0.0,0.0,0.0,0.0,0.0,0.0,0.0,0.0,0.0,0,0.0,0.0
246,Dan Chisena,MIN,WR,0.0,0.0,0.0,0.0,0.0,0.0,0.0,0.0,0.0,0,0.0,0.0
247,Willie Snead IV,SF,WR,0.0,0.0,0.0,0.0,0.0,0.0,0.0,0.0,0.0,0,0.0,0.0
248,River Cracraft,MIA,WR,0.0,0.0,0.0,0.0,0.0,0.0,0.0,0.0,0.0,0,0.0,0.0
249,Corey Coleman,KC,WR,0.0,0.0,0.0,0.0,0.0,0.0,0.0,0.0,0.0,0,0.0,0.0
250,0,0,WR,0.0,0,0.0,0.0,0,0.0,0.0,0.0,0.0,0,0.0,0.0
251,0,0,WR,0.0,0,0.0,0.0,0,0.0,0.0,0.0,0.0,0,0.0,0.0
1,Josh Allen,BUF,QB,116.9,662.3,6.9,0.0,0,0.0,3.5,607.5,390.2,"4,406.1",34.6,13.9
2,Patrick Mahomes II,KC,QB,66.5,360.0,2.8,0.0,0,0.0,2.8,634.6,418.1,"4,845.1",35.9,11.6
3,Justin Herbert,LAC,QB,65.1,299.7,3.2,0.0,0,0.0,1.4,625.6,415.7,"4,684.2",33.9,13.3
4,Lamar Jackson,BAL,QB,158.6,956.7,4.9,0.0,0,0.0,3.5,520.2,336.5,"3,731.3",24.5,13.2
5,Kyler Murray,ARI,QB,107.3,552.4,5.5,0.0,0,0.0,2.3,571.7,384.8,"4,264.0",27.3,12.3
6,Jalen Hurts,PHI,QB,144.7,772.8,7.9,0.0,0,0.0,2.9,495.1,307.3,"3,645.1",24.4,12.6
7,Tom Brady,TB,QB,27.9,45.9,1.7,0.0,0,0.0,2.4,652.9,433.9,"4,846.0",36.3,11.9
8,Dak Prescott,DAL,QB,55.3,228.9,2.9,0.0,0,0.0,4.1,593.8,399.5,"4,558.9",32.7,11.7
9,Joe Burrow,CIN,QB,46.6,187.4,2.2,0.0,0,0.0,1.8,570.0,386.5,"4,574.1",31.3,12.8
10,Aaron Rodgers,GB,QB,38.7,136.2,1.8,0.0,0,0.0,1.6,559.6,377.5,"4,331.7",32.6,7.1
11,Matthew Stafford,LAR,QB,33.3,99.3,1.2,0.0,0,0.0,2.4,587.0,392.3,"4,588.5",33.6,14.1
12,Trey Lance,SF,QB,125.9,643.3,5.2,0.0,0,0.0,2.6,469.0,295.0,"3,563.5",23.8,12.7
13,Russell Wilson,DEN,QB,62.7,279.1,2.1,0.0,0,0.0,2.3,540.7,356.4,"4,111.0",29.0,9.6
14,Kirk Cousins,MIN,QB,29.2,107.1,1.1,0.0,0,0.0,2.9,574.1,379.2,"4,347.9",31.2,11.4
15,Derek Carr,LV,QB,38.7,131.1,1.2,0.0,0,0.0,3.6,597.1,399.6,"4,498.7",28.9,12.9
16,Tua Tagovailoa,MIA,QB,55.0,205.6,2.8,0.0,0,0.0,2.4,574.8,379.3,"4,029.5",25.6,13.3
17,Ryan Tannehill,TEN,QB,55.0,253.8,3.9,0.0,0,0.0,2.6,516.5,340.7,"3,753.2",24.2,13.0
18,Trevor Lawrence,JAC,QB,71.0,330.3,2.4,0.0,0,0.0,3.0,585.5,370.5,"3,942.8",22.5,13.9
19,Justin Fields,CHI,QB,107.3,593.5,3.7,0.0,0,0.0,5.0,504.9,311.9,"3,467.6",18.6,14.5
20,Daniel Jones,NYG,QB,81.4,424.7,2.7,0.0,0,0.0,4.7,537.7,337.0,"3,616.1",20.6,12.5
21,Matt Ryan,IND,QB,34.4,121.2,1.4,0.0,0,0.0,3.6,539.2,352.7,"3,937.4",25.9,11.4
22,Mac Jones,NE,QB,41.8,156.4,0.9,0.0,0,0.0,2.8,543.9,359.0,"3,941.5",24.9,13.9
23,Jameis Winston,NO,QB,53.8,273.8,1.7,0.0,0,0.0,2.8,486.5,305.0,"3,503.5",24.7,12.6
24,Carson Wentz,WAS,QB,57.4,240.1,1.8,0.0,0,0.0,3.9,538.1,343.1,"3,694.0",22.4,11.6
25,Jared Goff,DET,QB,31.7,80.2,1.0,0.0,0,0.0,3.7,565.6,371.4,"3,905.7",24.5,12.5
26,Baker Mayfield,CAR,QB,44.7,166.0,1.5,0.0,0,0.0,2.5,551.1,345.3,"3,736.8",21.5,14.5
27,Zach Wilson,NYJ,QB,43.1,221.0,2.4,0.0,0,0.0,1.8,537.6,326.5,"3,452.0",20.7,13.4
28,Davis Mills,HOU,QB,34.2,110.8,0.8,0.0,0,0.0,1.9,538.0,351.2,"3,775.7",20.6,14.1
29,Marcus Mariota,ATL,QB,54.6,328.9,2.4,0.0,0,0.0,1.2,420.2,263.9,"2,900.7",15.7,11.3
30,Mitch Trubisky,PIT,QB,42.0,208.6,1.8,0.0,0,0.0,1.3,404.0,258.1,"2,618.3",15.5,10.1
31,Jacoby Brissett,CLE,QB,26.0,107.2,1.2,0.0,0,0.0,2.5,332.1,207.8,"2,313.6",13.0,7.9
32,Drew Lock,SEA,QB,30.7,106.6,1.2,0.0,0,0.0,1.6,340.4,210.8,"2,017.5",11.6,8.3
33,Deshaun Watson,CLE,QB,35.1,186.7,1.8,0.0,0,0.0,1.0,190.1,128.6,"1,522.9",10.1,4.2
34,Geno Smith,SEA,QB,15.8,85.8,0.8,0.0,0,0.0,1.5,192.8,121.8,"1,770.0",10.3,6.8
35,Kenny Pickett,PIT,QB,19.7,87.1,0.7,0.0,0,0.0,1.3,227.4,140.0,"1,560.8",9.2,6.7
36,Desmond Ridder,ATL,QB,22.7,99.8,0.8,0.0,0,0.0,0.8,172.0,105.6,"1,190.2",6.2,4.9
37,Andy Dalton,NO,QB,3.9,13.6,0.1,0.0,0,0.0,0.2,57.8,36.3,408.9,2.9,1.7
38,Joe Flacco,NYJ,QB,1.8,7.2,0.1,0.0,0,0.0,0.6,50.6,31.3,441.6,2.6,1.4
39,Sam Darnold,CAR,QB,1.2,16.5,0.2,0.0,0,0.0,0.3,29.6,18.2,345.0,1.7,1.4
40,Mason Rudolph,PIT,QB,1.3,5.0,0.0,0.0,0,0.0,0.0,46.0,28.3,320.7,2.0,1.0
41,Tyrod Taylor,NYG,QB,4.3,25.1,0.1,0.0,0,0.0,0.3,43.0,26.2,290.0,1.7,0.9
42,Taysom Hill,NO,QB,21.7,99.7,0.9,0.0,0,0.0,0.0,11.0,7.2,77.9,0.3,0.3
43,Tyler Huntley,BAL,QB,6.4,34.7,0.2,0.0,0,0.0,0.2,31.1,20.3,238.3,1.6,1.3
44,Jimmy Garoppolo,SF,QB,1.5,5.0,0.0,0.0,0,0.0,0.0,31.8,20.3,262.4,1.6,1.1
45,Joshua Dobbs,CLE,QB,3.8,25.4,0.2,0.0,0,0.0,0.1,26.6,17.3,232.5,1.1,1.1
46,Trevor Siemian,CHI,QB,2.5,7.1,0.0,0.0,0,0.0,0.1,33.9,20.2,264.3,1.2,1.0
47,Gardner Minshew II,PHI,QB,4.3,16.9,0.1,0.0,0,0.0,0.2,30.0,19.2,207.4,1.4,0.7
48,Teddy Bridgewater,MIA,QB,2.1,7.3,0.0,0.0,0,0.0,0.1,28.5,18.6,198.7,1.2,0.5
49,Taylor Heinicke,WAS,QB,2.6,10.4,0.0,0.0,0,0.0,0.1,23.9,15.1,173.2,1.3,0.8
50,Malik Willis,TEN,QB,2.0,11.3,0.1,0.0,0,0.0,0.1,22.3,13.7,188.5,1.0,1.2
51,Cooper Rush,DAL,QB,2.1,3.6,0.0,0.0,0,0.0,0.1,26.6,16.6,187.2,1.2,0.4
52,Colt McCoy,ARI,QB,2.8,8.7,0.0,0.0,0,0.0,0.2,26.6,17.2,186.0,1.1,0.6
53,Josh Johnson,DEN,QB,2.8,10.1,0.1,0.0,0,0.0,0.2,19.4,12.7,171.4,1.1,0.8
54,Jordan Love,GB,QB,2.4,8.5,0.1,0.0,0,0.0,0.1,20.7,12.4,172.6,1.1,0.9
55,Kyle Allen,HOU,QB,1.6,6.2,0.1,0.0,0,0.0,0.8,27.3,17.2,188.0,1.1,0.7
56,Brian Hoyer,NE,QB,1.6,1.9,0.1,0.0,0,0.0,0.1,21.5,13.4,169.3,1.0,0.8
57,Blaine Gabbert,TB,QB,1.1,3.1,0.1,0.0,0,0.0,0.2,19.2,12.1,160.3,1.0,0.5
58,C.J. Beathard,JAC,QB,1.5,6.2,0.0,0.0,0,0.0,0.7,23.6,14.7,162.7,1.1,0.6
59,Kyle Trask,TB,QB,1.0,3.0,0.0,0.0,0,0.0,0.0,22.0,13.0,136.0,1.0,0.0
60,Case Keenum,BUF,QB,1.2,4.6,0.0,0.0,0,0.0,0.1,19.2,12.2,136.9,1.0,0.4
61,Jarrett Stidham,LV,QB,2.1,5.4,0.0,0.0,0,0.0,0.1,20.7,13.6,147.0,0.9,0.7
62,Sean Mannion,MIN,QB,1.6,6.1,0.0,0.0,0,0.0,0.2,19.0,11.3,127.8,1.0,0.4
63,John Wolford,LAR,QB,2.0,8.4,0.0,0.0,0,0.0,0.1,19.2,11.9,134.9,0.8,0.4
64,Nick Foles,IND,QB,1.6,7.0,0.0,0.0,0,0.0,0.1,17.3,11.1,121.7,1.0,0.6
65,Tim Boyle,DET,QB,1.4,5.4,0.0,0.0,0,0.0,0.1,21.1,13.0,138.3,0.8,0.6
66,Brandon Allen,CIN,QB,1.4,5.7,0.0,0.0,0,0.0,0.1,17.4,11.0,125.9,0.8,0.4
67,Brett Rypien,DEN,QB,1.0,2.7,0.0,0.0,0,0.0,0.0,15.3,9.3,107.3,1.0,0.3
68,Chase Daniel,LAC,QB,1.5,4.6,0.0,0.0,0,0.0,0.2,18.5,11.4,125.8,0.8,0.4
69,Sam Howell,WAS,QB,2.0,8.8,0.1,0.0,0,0.0,0.1,16.4,10.0,108.8,0.7,0.5
70,Chad Henne,KC,QB,1.8,4.3,0.0,0.0,0,0.0,0.2,15.9,10.1,112.9,0.9,0.6
71,Nate Sudfeld,SF,QB,1.8,7.2,0.1,0.0,0,0.0,0.3,14.5,9.1,100.1,0.8,0.5
72,Nick Mullens,MIN,QB,0.0,0.0,0.0,0.0,0,0.0,0.0,13.0,8.0,95.0,0.7,0.3
73,Mike White,NYJ,QB,2.0,1.5,0.0,0.0,0,0.0,0.0,11.0,6.5,73.0,0.5,0.5
74,Kellen Mond,MIN,QB,0.5,2.0,0.0,0.0,0,0.0,0.0,10.0,5.5,53.0,0.5,0.0
75,Nathan Peterman,CHI,QB,2.0,9.0,0.0,0.0,0,0.0,0.0,7.5,4.0,45.0,0.5,0.5
76,Chris Streveler,NYJ,QB,0.0,0.0,0.0,0.0,0,0.0,0.0,0.0,0.0,0.0,0.0,0.0
77,Davis Webb,NYG,QB,0.0,0.0,0.0,0.0,0,0.0,0.0,0.0,0.0,0.0,0.0,0.0
78,Easton Stick,LAC,QB,0.0,0.0,0.0,0.0,0,0.0,0.0,0.0,0.0,0.0,0.0,0.0
79,Ian Book,NO,QB,0.0,0.0,0.0,0.0,0,0.0,0.0,0.0,0.0,0.0,0.0,0.0
80,Matt Barkley,BUF,QB,0.0,0.0,0.0,0.0,0,0.0,0.0,0.0,0.0,0.0,0.0,0.0
81,PJ Walker,CAR,QB,0.0,0.0,0.0,0.0,0,0.0,0.0,0.0,0.0,0.0,0.0,0.0
82,Jeff Driskel,HOU,QB,0.0,0.0,0.0,0.0,0,0.0,0.0,0.0,0.0,0.0,0.0,0.0
83,Logan Woodside,TEN,QB,0.0,0.0,0.0,0.0,0,0.0,0.0,0.0,0.0,0.0,0.0,0.0
84,David Blough,DET,QB,0.0,0.0,0.0,0.0,0,0.0,0.0,0.0,0.0,0.0,0.0,0.0
85,Jacob Eason,SEA,QB,0.0,0.0,0.0,0.0,0,0.0,0.0,0.0,0.0,0.0,0.0,0.0
86,Ryan Griffin,TB,QB,0.0,0.0,0.0,0.0,0,0.0,0.0,0.0,0.0,0.0,0.0,0.0
87,Feleipe Franks,ATL,QB,0.0,0.0,0.0,0.0,0,0.0,0.0,0.0,0.0,0.0,0.0,0.0
88,Will Grier,DAL,QB,0.0,0.0,0.0,0.0,0,0.0,0.0,0.0,0.0,0.0,0.0,0.0
89,Sam Ehlinger,IND,QB,0.0,0.0,0.0,0.0,0,0.0,0.0,0.0,0.0,0.0,0.0,0.0
90,0,0,QB,0.0,0,0.0,0.0,0,0.0,0.0,0.0,0.0,0,0.0,0.0
91,0,0,QB,0.0,0,0.0,0.0,0,0.0,0.0,0.0,0.0,0,0.0,0.0
1,Travis Kelce,KC,TE,0.0,0,0.0,99.4,"1,179.8",9.3,0.5,0.0,0.0,0,0.0,0.0
2,Mark Andrews,BAL,TE,0.0,0,0.0,95.5,"1,187.6",8.9,0.5,0.0,0.0,0,0.0,0.0
3,Kyle Pitts,ATL,TE,0.0,0,0.0,73.1,997.9,4.7,0.5,0.0,0.0,0,0.0,0.0
4,Darren Waller,LV,TE,0.0,0,0.0,77.5,931.2,5.1,0.5,0.0,0.0,0,0.0,0.0
5,George Kittle,SF,TE,0.0,0,0.0,71.2,871.1,5.4,0.5,0.0,0.0,0,0.0,0.0
6,Dalton Schultz,DAL,TE,0.0,0,0.0,77.4,805.7,6.1,0.4,0.0,0.0,0,0.0,0.0
7,Dallas Goedert,PHI,TE,0.0,0,0.0,63.5,794.5,5.0,0.5,0.0,0.0,0,0.0,0.0
8,T.J. Hockenson,DET,TE,0.0,0,0.0,67.6,693.2,5.1,0.4,0.0,0.0,0,0.0,0.0
9,Hunter Henry,NE,TE,0.0,0,0.0,53.8,618.5,6.0,0.1,0.0,0.0,0,0.0,0.0
10,Dawson Knox,BUF,TE,0.0,0,0.0,48.9,591.9,6.2,0.1,0.0,0.0,0,0.0,0.0
11,Zach Ertz,ARI,TE,0.0,0,0.0,64.7,663.0,4.8,0.4,0.0,0.0,0,0.0,0.0
12,Mike Gesicki,MIA,TE,0.0,0,0.0,60.2,656.6,4.0,0.4,0.0,0.0,0,0.0,0.0
13,Noah Fant,SEA,TE,0.0,0,0.0,60.7,652.5,3.8,0.4,0.0,0.0,0,0.0,0.0
14,Tyler Higbee,LAR,TE,0.0,0,0.0,59.2,594.5,4.7,0.4,0.0,0.0,0,0.0,0.0
15,Cole Kmet,CHI,TE,0.0,0,0.0,61.4,639.2,3.8,0.5,0.0,0.0,0,0.0,0.0
16,David Njoku,CLE,TE,0.0,0,0.0,53.2,603.1,4.3,0.4,0.0,0.0,0,0.0,0.0
17,Pat Freiermuth,PIT,TE,0.0,0,0.0,62.7,579.8,4.8,0.5,0.0,0.0,0,0.0,0.0
18,Irv Smith Jr.,MIN,TE,0.0,0,0.0,50.4,556.7,4.5,0.1,0.0,0.0,0,0.0,0.0
19,Gerald Everett,LAC,TE,0.0,0,0.0,55.0,566.9,4.5,0.9,0.0,0.0,0,0.0,0.0
20,Robert Tonyan,GB,TE,0.0,0,0.0,45.7,520.6,4.5,0.1,0.0,0.0,0,0.0,0.0
21,Albert Okwuegbunam,DEN,TE,0.0,0,0.0,49.4,509.5,4.7,0.8,0.0,0.0,0,0.0,0.0
22,Logan Thomas,WAS,TE,0.0,0,0.0,48.6,508.1,4.5,0.4,0.0,0.0,0,0.0,0.0
23,Evan Engram,JAC,TE,0.0,0,0.0,52.8,541.8,3.5,0.4,0.0,0.0,0,0.0,0.0
24,Austin Hooper,TEN,TE,0.0,0,0.0,50.9,497.7,4.0,0.4,0.0,0.0,0,0.0,0.0
25,Hayden Hurst,CIN,TE,0.0,0,0.0,41.9,440.7,4.0,0.5,0.0,0.0,0,0.0,0.0
26,Mo Alie-Cox,IND,TE,0.0,0,0.0,35.0,422.7,3.3,0.1,0.0,0.0,0,0.0,0.0
27,Brevin Jordan,HOU,TE,0.0,0,0.0,41.2,418.0,2.9,0.1,0.0,0.0,0,0.0,0.0
28,Adam Trautman,NO,TE,0.0,0,0.0,36.0,374.1,2.9,0.4,0.0,0.0,0,0.0,0.0
29,Kyle Rudolph,TB,TE,0.0,0,0.0,33.2,331.6,3.2,0.1,0.0,0.0,0,0.0,0.0
30,Cameron Brate,TB,TE,0.0,0,0.0,34.3,317.5,3.1,0.1,0.0,0.0,0,0.0,0.0
31,C.J. Uzomah,NYJ,TE,0.0,0,0.0,35.1,349.1,2.5,0.0,0.0,0.0,0,0.0,0.0
32,Andrew Beck,DEN,TE,0.0,0,0.0,27.9,295.3,2.9,0.0,0.0,0.0,0,0.0,0.0
33,Jonnu Smith,NE,TE,0.0,0,0.0,29.4,313.0,2.4,0.1,0.0,0.0,0,0.0,0.0
34,Tyler Conklin,NYJ,TE,0.0,0,0.0,33.9,327.4,2.1,0.1,0.0,0.0,0,0.0,0.0
35,Harrison Bryant,CLE,TE,0.0,0,0.0,28.8,305.3,2.4,0.4,0.0,0.0,0,0.0,0.0
36,Dan Arnold,JAC,TE,0.0,0,0.0,27.9,328.7,1.9,0.5,0.0,0.0,0,0.0,0.0
37,Paul Quessenberry,HOU,TE,0.0,0,0.0,37.0,334.0,2.0,1.0,0.0,0.0,0,0.0,0.0
38,Isaiah Likely,BAL,TE,0.0,0,0.0,27.3,288.1,2.4,0.2,0.0,0.0,0,0.0,0.0
39,Tommy Tremble,CAR,TE,0.0,0,0.0,27.6,281.7,2.2,0.1,0.0,0.0,0,0.0,0.0
40,Foster Moreau,LV,TE,0.0,0,0.0,23.7,266.3,2.3,0.0,0.0,0.0,0,0.0,0.0
41,Daniel Bellinger,NYG,TE,0.0,0,0.0,27.1,277.4,1.8,0.2,0.0,0.0,0,0.0,0.0
42,Geoff Swaim,TEN,TE,0.0,0,0.0,26.6,236.9,2.3,0.0,0.0,0.0,0,0.0,0.0
43,O.J. Howard,BUF,TE,0.0,0,0.0,22.0,249.1,1.9,0.1,0.0,0.0,0,0.0,0.0
44,Jelani Woods,IND,TE,0.0,0,0.0,21.7,230.2,2.1,0.5,0.0,0.0,0,0.0,0.0
45,Donald Parham Jr.,LAC,TE,0.0,0,0.0,20.5,214.2,2.1,0.0,0.0,0.0,0,0.0,0.0
46,Jordan Akins,NYG,TE,0.0,0,0.0,28.1,270.7,1.2,0.5,0.0,0.0,0,0.0,0.0
47,James O'Shaughnessy,CHI,TE,0.0,0,0.0,22.4,246.3,1.2,0.0,0.0,0.0,0,0.0,0.0
48,Taysom Hill,NO,TE,0.0,0,0.0,17.3,189.0,2.3,1.0,0.0,0.0,0,0.0,0.0
49,Durham Smythe,MIA,TE,0.0,0,0.0,23.2,230.8,1.3,0.0,0.0,0.0,0,0.0,0.0
50,Cade Otton,TB,TE,0.0,0,0.0,19.7,206.3,1.7,0.5,0.0,0.0,0,0.0,0.0
51,Trey McBride,ARI,TE,0.0,0,0.0,19.9,207.7,1.7,0.5,0.0,0.0,0,0.0,0.0
52,Pharaoh Brown,HOU,TE,0.0,0,0.0,24.0,227.4,1.2,0.4,0.0,0.0,0,0.0,0.0
53,Anthony Firkser,ATL,TE,0.0,0,0.0,22.3,221.0,1.3,0.4,0.0,0.0,0,0.0,0.0
54,Greg Dulcich,DEN,TE,0.0,0,0.0,18.6,201.6,1.5,0.1,0.0,0.0,0,0.0,0.0
55,Kylen Granson,IND,TE,0.0,0,0.0,18.5,207.4,1.4,0.1,0.0,0.0,0,0.0,0.0
56,Josiah Deguara,GB,TE,0.0,0,0.0,18.1,191.7,1.5,0.0,0.0,0.0,0,0.0,0.0
57,John Bates,WAS,TE,0.0,0,0.0,17.3,193.1,1.3,0.1,0.0,0.0,0,0.0,0.0
58,Kendall Blanton,WAS,TE,0.0,0,0.0,16.6,181.4,1.4,1.0,0.0,0.0,0,0.0,0.0
59,Ian Thomas,CAR,TE,0.0,0,0.0,18.6,182.6,1.0,0.1,0.0,0.0,0,0.0,0.0
60,Marcedes Lewis,GB,TE,0.0,0,0.0,16.5,169.2,1.2,0.4,0.0,0.0,0,0.0,0.0
61,Will Dissly,SEA,TE,0.0,0,0.0,17.0,176.2,0.9,0.1,0.0,0.0,0,0.0,0.0
62,Chris Myarick,NYG,TE,0.0,0,0.0,15.8,153.2,1.2,0.1,0.0,0.0,0,0.0,0.0
63,Charlie Kolar,BAL,TE,0.0,0,0.0,12.2,142.4,1.2,0.0,0.0,0.0,0,0.0,0.0
64,Zach Davidson,MIN,TE,0.0,0,0.0,14.0,148.0,1.0,0.0,0.0,0.0,0,0.0,0.0
65,Maxx Williams,ARI,TE,0.0,0,0.0,14.3,153.7,0.7,0.0,0.0,0.0,0,0.0,0.0
66,Matt Bushman,KC,TE,0.0,0,0.0,14.0,136.0,1.0,0.0,0.0,0.0,0,0.0,0.0
67,Ryan Griffin,CHI,TE,0.0,0,0.0,13.3,132.2,1.0,0.0,0.0,0.0,0,0.0,0.0
68,Jacob Harris,LAR,TE,0.0,0,0.0,12.0,132.0,1.0,0.0,0.0,0.0,0,0.0,0.0
69,Jake Ferguson,DAL,TE,0.0,0,0.0,13.1,136.5,0.9,0.0,0.0,0.0,0,0.0,0.0
70,Nick Eubanks,CIN,TE,0.0,0,0.0,12.0,125.0,1.0,0.0,0.0,0.0,0,0.0,0.0
71,Alize Mack,GB,TE,0.0,0,0.0,12.0,122.0,1.0,0.0,0.0,0.0,0,0.0,0.0
72,Tyler Kroft,SF,TE,0.0,0,0.0,11.6,126.8,0.9,0.0,0.0,0.0,0,0.0,0.0
73,Nick Boyle,BAL,TE,0.0,0,0.0,11.3,106.1,1.1,0.0,0.0,0.0,0,0.0,0.0
74,Drew Sample,CIN,TE,0.0,0,0.0,11.6,113.0,0.9,0.0,0.0,0.0,0,0.0,0.0
75,Kenny Yeboah,NYJ,TE,0.0,0,0.0,10.5,112.3,0.9,0.0,0.0,0.0,0,0.0,0.0
76,Blake Bell,KC,TE,0.0,0,0.0,12.2,112.1,0.9,0.0,0.0,0.0,0,0.0,0.0
77,Brock Wright,DET,TE,0.0,0,0.0,10.8,104.2,1.0,0.0,0.0,0.0,0,0.0,0.0
78,Zach Gentry,PIT,TE,0.0,0,0.0,12.1,112.2,0.9,0.0,0.0,0.0,0,0.0,0.0
79,Noah Gray,KC,TE,0.0,0,0.0,10.6,100.0,1.0,0.0,0.0,0.0,0,0.0,0.0
80,Brycen Hopkins,LAR,TE,0.0,0,0.0,10.0,105.7,0.9,0.0,0.0,0.0,0,0.0,0.0
81,Connor Heyward,PIT,TE,0.0,0,0.0,11.6,116.5,0.7,0.1,0.0,0.0,0,0.0,0.0
82,Jody Fortson,KC,TE,0.0,0,0.0,9.3,99.0,0.9,0.0,0.0,0.0,0,0.0,0.0
83,Luke Farrell,JAC,TE,0.0,0,0.0,9.8,90.6,0.8,0.0,0.0,0.0,0,0.0,0.0
84,Ko Kieft,TB,TE,0.0,0,0.0,9.2,91.8,0.7,0.0,0.0,0.0,0,0.0,0.0
85,Nick Vannett,NO,TE,0.0,0,0.0,7.8,85.9,0.8,0.0,0.0,0.0,0,0.0,0.0
86,Sean McKeon,DAL,TE,0.0,0,0.0,8.5,85.0,0.8,0.1,0.0,0.0,0,0.0,0.0
87,Stephen Anderson,ARI,TE,0.0,0,0.0,8.1,84.1,0.7,0.0,0.0,0.0,0,0.0,0.0
88,Chris Manhertz,JAC,TE,0.0,0,0.0,6.5,69.6,0.9,0.0,0.0,0.0,0,0.0,0.0
89,Ross Dwelley,SF,TE,0.0,0,0.0,8.7,79.0,0.7,0.0,0.0,0.0,0,0.0,0.0
90,Grant Calcaterra,PHI,TE,0.0,0,0.0,6.9,70.6,0.7,0.0,0.0,0.0,0,0.0,0.0
91,Tre' McKitty,LAC,TE,0.0,0,0.0,8.4,80.7,0.5,0.0,0.0,0.0,0,0.0,0.0
92,Teagan Quitoriano,HOU,TE,0.0,0,0.0,8.0,81.5,0.5,0.1,0.0,0.0,0,0.0,0.0
93,Johnny Mundt,MIN,TE,0.0,0,0.0,6.9,70.4,0.7,0.0,0.0,0.0,0,0.0,0.0
94,Kevin Rader,PIT,TE,0.0,0,0.0,8.6,69.2,0.7,0.0,0.0,0.0,0,0.0,0.0
95,Jesper Horsted,LV,TE,0.0,0,0.0,6.9,74.2,0.5,0.0,0.0,0.0,0,0.0,0.0
96,Nick Muse,MIN,TE,0.0,0,0.0,6.9,70.6,0.6,0.0,0.0,0.0,0,0.0,0.0
97,Juwan Johnson,NO,TE,0.0,0,0.0,4.7,52.3,0.8,0.0,0.0,0.0,0,0.0,0.0
98,James Mitchell,DET,TE,0.0,0,0.0,6.9,62.2,0.6,0.0,0.0,0.0,0,0.0,0.0
99,Tommy Sweeney,BUF,TE,0.0,0,0.0,6.5,61.5,0.6,0.0,0.0,0.0,0,0.0,0.0
100,Devin Asiasi,NE,TE,0.0,0,0.0,5.2,64.6,0.5,0.0,0.0,0.0,0,0.0,0.0
101,Cole Turner,WAS,TE,0.0,0,0.0,6.1,63.9,0.5,0.0,0.0,0.0,0,0.0,0.0
102,Eric Tomlinson,DEN,TE,0.0,0,0.0,5.9,60.0,0.6,0.0,0.0,0.0,0,0.0,0.0
103,John FitzPatrick,ATL,TE,0.0,0,0.0,6.4,59.2,0.6,0.0,0.0,0.0,0,0.0,0.0
104,Ben Ellefson,MIN,TE,0.0,0,0.0,5.2,54.7,0.6,0.0,0.0,0.0,0,0.0,0.0
105,MyCole Pruitt,ATL,TE,0.0,0,0.0,6.3,61.1,0.5,0.0,0.0,0.0,0,0.0,0.0
106,Hunter Long,MIA,TE,0.0,0,0.0,5.9,56.2,0.5,0.0,0.0,0.0,0,0.0,0.0
107,Tyree Jackson,PHI,TE,0.0,0,0.0,5.5,53.8,0.6,0.1,0.0,0.0,0,0.0,0.0
108,Tommy Hudson,TEN,TE,0.0,0,0.0,5.4,53.6,0.5,0.0,0.0,0.0,0,0.0,0.0
109,Chigoziem Okonkwo,TEN,TE,0.0,0,0.0,5.3,55.8,0.5,0.0,0.0,0.0,0,0.0,0.0
110,Jared Pinkney,LAR,TE,0.0,0,0.0,4.9,50.3,0.4,0.0,0.0,0.0,0,0.0,0.0
111,Colby Parkinson,SEA,TE,0.0,0,0.0,5.4,52.1,0.4,0.1,0.0,0.0,0,0.0,0.0
112,Jack Stoll,PHI,TE,0.0,0,0.0,5.6,60.6,0.1,0.0,0.0,0.0,0,0.0,0.0
113,Nick Bowers,LV,TE,0.0,0,0.0,4.0,42.2,0.4,0.0,0.0,0.0,0,0.0,0.0
114,Reggie Gilliam,BUF,TE,0.0,0,0.0,4.2,38.9,0.4,0.0,0.0,0.0,0,0.0,0.0
115,Hunter Kampmoyer,LAC,TE,0.0,0,0.0,3.8,39.6,0.4,0.0,0.0,0.0,0,0.0,0.0
116,Richard Rodgers,PHI,TE,0.0,0,0.0,3.9,39.1,0.4,0.0,0.0,0.0,0,0.0,0.0
117,Eric Saubert,DEN,TE,0.0,0,0.0,4.1,39.2,0.4,0.0,0.0,0.0,0,0.0,0.0
118,Jace Sternberger,PIT,TE,0.0,0,0.0,4.2,40.0,0.3,0.0,0.0,0.0,0,0.0,0.0
119,Jacob Hollister,LV,TE,0.0,0,0.0,3.9,35.8,0.4,0.0,0.0,0.0,0,0.0,0.0
120,Josh Oliver,BAL,TE,0.0,0,0.0,3.7,36.0,0.3,0.0,0.0,0.0,0,0.0,0.0
121,Jeremy Ruckert,NYJ,TE,0.0,0,0.0,3.6,36.8,0.3,0.0,0.0,0.0,0,0.0,0.0
122,Charlie Woerner,SF,TE,0.0,0,0.0,3.5,31.6,0.4,0.0,0.0,0.0,0,0.0,0.0
123,Antony Auclair,HOU,TE,0.0,0,0.0,4.0,38.8,0.2,0.0,0.0,0.0,0,0.0,0.0
124,Tyler Mabry,SEA,TE,0.0,0,0.0,3.6,36.3,0.3,0.0,0.0,0.0,0,0.0,0.0
125,Miller Forristall,CLE,TE,0.0,0,0.0,3.5,35.0,0.3,0.1,0.0,0.0,0,0.0,0.0
126,Parker Hesse,ATL,TE,0.0,0,0.0,3.6,33.5,0.2,0.0,0.0,0.0,0,0.0,0.0
127,Nakia Griffin-Stewart,CLE,TE,0.0,0,0.0,3.3,32.9,0.2,0.0,0.0,0.0,0,0.0,0.0
128,Mitchell Wilcox,CIN,TE,0.0,0,0.0,1.8,18.3,0.2,0.0,0.0,0.0,0,0.0,0.0
129,Matt Sokol,NE,TE,0.0,0,0.0,1.8,18.7,0.2,0.0,0.0,0.0,0,0.0,0.0
130,Stephen Sullivan,CAR,TE,0.0,0,0.0,1.8,18.9,0.1,0.0,0.0,0.0,0,0.0,0.0
131,Cethan Carter,MIA,TE,0.0,0,0.0,0.9,8.9,0.1,0.0,0.0,0.0,0,0.0,0.0
132,Jordan Franks,KC,TE,0.0,0,0.0,0.0,0.0,0.0,0.0,0.0,0.0,0,0.0,0.0
133,Noah Togiai,PHI,TE,0.0,0,0.0,0.0,0.0,0.0,0.0,0.0,0.0,0,0.0,0.0
134,Colin Thompson,CAR,TE,0.0,0,0.0,0.0,0.0,0.0,0.0,0.0,0.0,0,0.0,0.0
135,J.P. Holtz,NO,TE,0.0,0,0.0,0.0,0.0,0.0,0.0,0.0,0.0,0,0.0,0.0
136,Troy Fumagalli,SF,TE,0.0,0,0.0,0.0,0.0,0.0,0.0,0.0,0.0,0,0.0,0.0
137,Deon Yelder,ARI,TE,0.0,0,0.0,0.0,0.0,0.0,0.0,0.0,0.0,0,0.0,0.0
138,Tanner Hudson,NYG,TE,0.0,0,0.0,0.0,0.0,0.0,0.0,0.0,0.0,0,0.0,0.0
139,Trevon Wesco,NYJ,TE,0.0,0,0.0,0.0,0.0,0.0,0.0,0.0,0.0,0,0.0,0.0
140,0,0,TE,0.0,0,0.0,0.0,0,0.0,0.0,0.0,0.0,0,0.0,0.0
141,0,0,TE,0.0,0,0.0,0.0,0,0.0,0.0,0.0,0.0,0,0.0,0.0
